"CAL-120",906826,"breast","breast"
"DMS-114",687983,"lung_SCLC","lung_small_cell_carcinoma"
"CAL-51",910927,"breast","breast"
"H2869",1240138,"lung","mesothelioma"
"H290",1240139,"lung","mesothelioma"
"A2058",906792,"skin","melanoma"
"CESS",910688,"leukemia","acute_myeloid_leukaemia"
"H2803",1240135,"lung","mesothelioma"
"H2722",1290812,"lung","mesothelioma"
"HCC1419",907045,"breast","breast"
"ETK-1",906861,"digestive_system","biliary_tract"
"C32",906830,"skin","melanoma"
"SW1783",909750,"nervous_system","glioma"
"H2810",1240137,"lung","mesothelioma"
"DSH1",753552,"urogenital_system","Bladder"
"HT-1197",907065,"urogenital_system","Bladder"
"MDA-MB-157",925338,"breast","breast"
"H2373",1290809,"lung","mesothelioma"
"ES1",949158,"bone","ewings_sarcoma"
"HDLM-2",924110,"lymphoma","Hodgkin_lymphoma"
"H2731",1240134,"lung","mesothelioma"
"IST-MEL1",907172,"skin","melanoma"
"5637",687452,"urogenital_system","Bladder"
"786-0",905947,"kidney","kidney"
"HeLa",1298134,"urogenital_system","cervix"
"HMV-II",907058,"skin","melanoma"
"H2818",1290814,"lung","mesothelioma"
"M14",905975,"skin","melanoma"
"HT-29",905939,"large_intestine","large_intestine"
"AU565",910704,"breast","breast"
"NCI-H441",908460,"lung_NSCLC","lung_NSCLC_adenocarcinoma"
"SW1088",909745,"nervous_system","glioma"
"IST-MES1",907173,"lung","mesothelioma"
"HCT-116",905936,"large_intestine","large_intestine"
"GA-10",1303896,"lymphoma","Burkitt_lymphoma"
"KYSE-450",907320,"aero_dig_tract","oesophagus"
"NCI-H2052",688058,"lung","mesothelioma"
"LOXIMVI",905974,"skin","melanoma"
"HOS",907060,"bone","osteosarcoma"
"NCI-H28",908470,"lung","mesothelioma"
"NCI-H358",908465,"lung_NSCLC","lung_NSCLC_adenocarcinoma"
"Becker",906746,"nervous_system","glioma"
"RS4-11",909703,"leukemia","leukemia"
"NCI-H727",724855,"lung_NSCLC","lung_NSCLC_carcinoid"
"NCI-H1299",724831,"lung_NSCLC","lung_NSCLC_large cell"
"COLO-800",906813,"skin","melanoma"
"BT-474",946359,"breast","breast"
"Saos-2",909707,"bone","osteosarcoma"
"NCI-H838",910399,"lung_NSCLC","lung_NSCLC_adenocarcinoma"
"NCI-H2228",687816,"lung_NSCLC","lung_NSCLC_adenocarcinoma"
"LS-411N",907794,"large_intestine","large_intestine"
"RKO",909698,"large_intestine","large_intestine"
"RPMI-7951",910903,"skin","melanoma"
"CAL-54",910952,"kidney","kidney"
"WM-115",909784,"skin","melanoma"
"NCI-H2009",724873,"lung_NSCLC","lung_NSCLC_adenocarcinoma"
"ES3",684055,"bone","ewings_sarcoma"
"D-283MED",906834,"nervous_system","medulloblastoma"
"639-V",906798,"urogenital_system","Bladder"
"OE19",910079,"aero_dig_tract","oesophagus"
"NCI-H2452",908462,"lung","mesothelioma"
"EFM-192A",1290798,"breast","breast"
"UACC-62",905976,"skin","melanoma"
"DU-4475",906844,"breast","breast"
"SISO",1240212,"urogenital_system","cervix"
"JHH-1",1298151,"digestive_system","liver"
"COLO-680N",906817,"aero_dig_tract","oesophagus"
"ESO51",1503367,"aero_dig_tract","oesophagus"
"CAL-33",753541,"aero_dig_tract","head and neck"
"CAL-29",1290730,"urogenital_system","Bladder"
"UACC-257",905977,"skin","melanoma"
"PA-1",909255,"urogenital_system","ovary"
"H2591",1240131,"lung","mesothelioma"
"H513",1240141,"lung","mesothelioma"
"H2461",1290810,"lung","mesothelioma"
"KELLY",753618,"neuroblastoma","neuroblastoma"
"NCI-H661",687829,"lung_NSCLC","lung_NSCLC_large cell"
"ES8",949155,"bone","ewings_sarcoma"
"H2795",1290813,"lung","mesothelioma"
"SW1417",909747,"large_intestine","large_intestine"
"H2369",1290808,"lung","mesothelioma"
"647-V",906797,"urogenital_system","Bladder"
"TGBC24TKB",910695,"digestive_system","biliary_tract"
"H2595",1240132,"lung","mesothelioma"
"MPP-89",908150,"lung","mesothelioma"
"IGR-1",907169,"skin","melanoma"
"NCI-H2030",722045,"lung_NSCLC","lung_NSCLC_adenocarcinoma"
"SK-MEL-1",909723,"skin","melanoma"
"COLO-205",905961,"large_intestine","large_intestine"
"BFTC-905",910926,"urogenital_system","Bladder"
"H2804",1240136,"lung","mesothelioma"
"REH",909696,"leukemia","B_cell_leukemia"
"RH-41",1240210,"soft_tissue","rhabdomyosarcoma"
"RPMI-8866",910544,"leukemia","chronic_myeloid_leukaemia"
"PANC-08-13",925347,"pancreas","pancreas"
"PCI-6A",1240206,"aero_dig_tract","head and neck"
"NCI-H1792",724868,"lung_NSCLC","lung_NSCLC_adenocarcinoma"
"NCI-H1355",724866,"lung_NSCLC","lung_NSCLC_adenocarcinoma"
"NCI-H1048",687995,"lung_SCLC","lung_small_cell_carcinoma"
"OAW-42",910548,"urogenital_system","ovary"
"OE33",910549,"aero_dig_tract","oesophagus"
"OVCAR-8",905991,"urogenital_system","ovary"
"Ramos-2G6-4C10",910401,"lymphoma","Burkitt_lymphoma"
"RCC-JW",1524416,"kidney","kidney"
"RH-18",971774,"soft_tissue","rhabdomyosarcoma"
"RT4",687455,"urogenital_system","Bladder"
"PANC-10-05",925348,"pancreas","pancreas"
"PE/CA-PJ15",1240207,"aero_dig_tract","head and neck"
"NCI-H1304",753599,"lung_SCLC","lung_small_cell_carcinoma"
"NCI-H1915",1240184,"lung_NSCLC","lung_NSCLC_large cell"
"NCI-H1623",687798,"lung_NSCLC","lung_NSCLC_adenocarcinoma"
"OCI-AML2",910947,"leukemia","acute_myeloid_leukaemia"
"ONS-76",909248,"nervous_system","medulloblastoma"
"OVISE",1240198,"urogenital_system","ovary"
"RC-K8",1330995,"lymphoma","B_cell_lymphoma"
"RL",910861,"lymphoma","B_cell_lymphoma"
"RT-112",909704,"urogenital_system","Bladder"
"PA-TU-8988T",1240201,"pancreas","pancreas"
"PF-382",909260,"leukemia","lymphoblastic_T_cell_leukaemia"
"NCI-H1395",684681,"lung_NSCLC","lung_NSCLC_adenocarcinoma"
"NCI-H1755",908475,"lung_NSCLC","lung_NSCLC_adenocarcinoma"
"NCI-H1793",908463,"lung_NSCLC","lung_NSCLC_adenocarcinoma"
"RXF393",905978,"kidney","kidney"
"OSC-19",1298362,"aero_dig_tract","head and neck"
"OVKATE",1240199,"urogenital_system","ovary"
"RCC-AB",1524418,"kidney","kidney"
"RERF-GC-1B",1240209,"digestive_system","stomach"
"RMG-I",909699,"urogenital_system","ovary"
"RVH-421",909706,"skin","melanoma"
"PC-14",753608,"lung_NSCLC","lung_NSCLC_adenocarcinoma"
"PFSK-1",683667,"nervous_system","medulloblastoma"
"NCI-H1581",908471,"lung_NSCLC","lung_NSCLC_large cell"
"NCI-H1963",688010,"lung_SCLC","lung_small_cell_carcinoma"
"NCI-H146",910899,"lung_SCLC","lung_small_cell_carcinoma"
"QGP-1",1298534,"pancreas","pancreas"
"OPM-2",909249,"myeloma","myeloma"
"OVMIU",1240200,"urogenital_system","ovary"
"RCM-1",909263,"large_intestine","large_intestine"
"RERF-LC-MS",910931,"lung_NSCLC","lung_NSCLC_adenocarcinoma"
"RPMI-2650",909700,"aero_dig_tract","head and neck"
"QIMR-WIL",910545,"leukemia","acute_myeloid_leukaemia"
"PC-3 [JPC-3]",1240202,"lung_NSCLC","lung_NSCLC_adenocarcinoma"
"PL18",1240208,"pancreas","pancreas"
"NCI-H1092",687997,"lung_SCLC","lung_small_cell_carcinoma"
"NCI-H1573",908472,"lung_NSCLC","lung_NSCLC_adenocarcinoma"
"NCI-H1651",910900,"lung_NSCLC","lung_NSCLC_adenocarcinoma"
"RKN",1298539,"urogenital_system","ovary"
"OSC-20",1240196,"aero_dig_tract","head and neck"
"PSN1",910546,"pancreas","pancreas"
"RF-48",909697,"digestive_system","stomach"
"RO82-W-1",930083,"thyroid","thyroid"
"P12-ICHIKAWA",909251,"leukemia","lymphoblastic_T_cell_leukaemia"
"PCI-30",1298529,"aero_dig_tract","head and neck"
"P32-ISH",1330987,"lymphoma","Burkitt_lymphoma"
"NCI-H1648",687799,"lung_NSCLC","lung_NSCLC_adenocarcinoma"
"NCI-H1734",722058,"lung_NSCLC","lung_NSCLC_adenocarcinoma"
"NCI-H1563",753600,"lung_NSCLC","lung_NSCLC_adenocarcinoma"
"RCC-MF",1524419,"kidney","kidney"
"OV-90",1240197,"urogenital_system","ovary"
"PL-21",1330991,"leukemia","acute_myeloid_leukaemia"
"RERF-LC-Sq1",1298538,"lung_NSCLC","lung_NSCLC_squamous_cell_carcinoma"
"RPMI-6666",909701,"lymphoma","Hodgkin_lymphoma"
"P30-OHK",909252,"leukemia","lymphoblastic_leukemia"
"PCI-15A",1240204,"aero_dig_tract","head and neck"
"OAW-28",946360,"urogenital_system","ovary"
"NCI-H1688",1298349,"lung_SCLC","lung_small_cell_carcinoma"
"NCI-H1568",1298348,"lung_NSCLC","lung_NSCLC_adenocarcinoma"
"OCUB-M",909256,"breast","breast"
"OVCAR-5",905969,"urogenital_system","ovary"
"NCI-H1944",1240185,"lung_NSCLC","lung_NSCLC_adenocarcinoma"
"RD",909264,"soft_tissue","rhabdomyosarcoma"
"RH-1",971773,"soft_tissue","rhabdomyosarcoma"
"RPMI-8226",905964,"myeloma","myeloma"
"PANC-03-27",925346,"pancreas","pancreas"
"PCI-38",1240205,"aero_dig_tract","head and neck"
"OC-314",909257,"urogenital_system","ovary"
"NCI-H1993",908476,"lung_NSCLC","lung_NSCLC_adenocarcinoma"
"NCI-H1155",908467,"lung_NSCLC","lung_NSCLC_large cell"
"NCI-H1781",1298350,"lung_NSCLC","lung_NSCLC_adenocarcinoma"
"OE21",1298359,"aero_dig_tract","oesophagus"
"OS-RC-2",909250,"kidney","kidney"
"NCI-H187",688007,"lung_SCLC","lung_small_cell_carcinoma"
"KYSE-520",753575,"aero_dig_tract","oesophagus"
"KURAMOCHI",909975,"urogenital_system","ovary"
"KINGS-1",907279,"nervous_system","glioma"
"LCLC-97TM1",946361,"lung_NSCLC","lung_NSCLC_large cell"
"LU-99A",907796,"lung_NSCLC","lung_NSCLC_large cell"
"LU-134-A",753588,"lung_SCLC","lung_small_cell_carcinoma"
"LOU-NH91",1298226,"lung_NSCLC","lung_NSCLC_squamous_cell_carcinoma"
"GAMG",906868,"nervous_system","glioma"
"GMS-10",906873,"nervous_system","glioma"
"MFE-319",1240174,"urogenital_system","endometrium"
"KLE",924187,"urogenital_system","endometrium"
"KY821",907300,"leukemia","leukemia"
"KATOIII",907276,"digestive_system","stomach"
"KE-37",907277,"leukemia","lymphoblastic_leukemia"
"LCLC-103H",753586,"lung_NSCLC","lung_NSCLC_large cell"
"L-1236",1330935,"lymphoma","Hodgkin_lymphoma"
"LN-405",910694,"nervous_system","glioma"
"L-540",907323,"lymphoma","Hodgkin_lymphoma"
"GAK",910932,"skin","melanoma"
"GP5d",907291,"large_intestine","large_intestine"
"MFM-223",910948,"breast","breast"
"MES-SA",908127,"urogenital_system","uterus"
"KYSE-270",907319,"aero_dig_tract","oesophagus"
"KYSE-410",753574,"aero_dig_tract","oesophagus"
"KARPAS-231",1327774,"leukemia","B_cell_leukemia"
"KP-3",1298219,"pancreas","pancreas"
"LC-2-ad",907786,"lung_NSCLC","lung_NSCLC_adenocarcinoma"
"L-363",924239,"myeloma","myeloma"
"LN-229",1240169,"nervous_system","glioma"
"FADU",906863,"aero_dig_tract","head and neck"
"G-401",907299,"kidney","kidney"
"GI-1",906871,"nervous_system","glioma"
"MFH-ino",925343,"soft_tissue","soft_tissue_other"
"MEG-01",908126,"leukemia","chronic_myeloid_leukaemia"
"KYSE-510",907321,"aero_dig_tract","oesophagus"
"KU812",907311,"leukemia","chronic_myeloid_leukaemia"
"KCL-22",1330931,"leukemia","chronic_myeloid_leukaemia"
"LAN-6",949170,"neuroblastoma","neuroblastoma"
"LXF-289",753592,"lung_NSCLC","lung_NSCLC_adenocarcinoma"
"LN-18",1240168,"nervous_system","glioma"
"FU97",1290806,"digestive_system","stomach"
"GCT",906999,"soft_tissue","soft_tissue_other"
"GI-ME-N",906872,"neuroblastoma","neuroblastoma"
"MFE-280",908129,"urogenital_system","endometrium"
"KS-1",907313,"nervous_system","glioma"
"KMRC-1",1298168,"kidney","kidney"
"KOSC-2",753570,"aero_dig_tract","head and neck"
"LU-135",713899,"lung_SCLC","lung_small_cell_carcinoma"
"LS-513",907795,"large_intestine","large_intestine"
"LNZTA3WT4",1240170,"nervous_system","glioma"
"G-361",906865,"skin","melanoma"
"GR-ST",906877,"leukemia","lymphoblastic_leukemia"
"MOLT-16",908147,"leukemia","lymphoblastic_T_cell_leukaemia"
"Mewo",908128,"skin","melanoma"
"KYSE-70",753576,"aero_dig_tract","oesophagus"
"KOPN-8",1330933,"leukemia","B_cell_leukemia"
"KMRC-20",1298169,"kidney","kidney"
"LB2241-RCC",753578,"kidney","kidney"
"LU-65",724863,"lung_NSCLC","lung_NSCLC_large cell"
"LS-180",998189,"large_intestine","large_intestine"
"LAMA-84",907783,"leukemia","chronic_myeloid_leukaemia"
"FU-OV-1",1240129,"urogenital_system","ovary"
"G-MEL",1240130,"skin","melanoma"
"G-292 Clone A141B1",1290807,"bone","osteosarcoma"
"MOLT-13",908146,"leukemia","lymphoblastic_T_cell_leukaemia"
"ME-180",687514,"urogenital_system","cervix"
"KYSE-140",753573,"aero_dig_tract","oesophagus"
"KALS-1",907271,"nervous_system","glioma"
"KNS-81-FD",924188,"nervous_system","glioma"
"LB647-SCLC",753582,"lung_SCLC","lung_small_cell_carcinoma"
"LU-139",713878,"lung_SCLC","lung_small_cell_carcinoma"
"LS-123",907792,"large_intestine","large_intestine"
"GCIY",906869,"digestive_system","stomach"
"GOTO",906875,"neuroblastoma","neuroblastoma"
"G-402",907298,"soft_tissue","soft_tissue_other"
"MONO-MAC-6",908148,"leukemia","acute_myeloid_leukaemia"
"MEL-HO",908124,"skin","melanoma"
"KYSE-150",907317,"aero_dig_tract","oesophagus"
"KARPAS-620",1327775,"myeloma","haematopoietic_neoplasm other"
"KGN",924186,"urogenital_system","ovary"
"LC4-1",907787,"leukemia","lymphoblastic_leukemia"
"LU-165",753589,"lung_SCLC","lung_small_cell_carcinoma"
"LS-1034",917486,"large_intestine","large_intestine"
"LOUCY",907789,"leukemia","lymphoblastic_T_cell_leukaemia"
"GB-1",687568,"nervous_system","glioma"
"GT3TKB",907041,"digestive_system","stomach"
"MKN7",924250,"digestive_system","stomach"
"Mo-T",908149,"leukemia","hairy_cell_leukaemia"
"MS751",1240179,"urogenital_system","cervix"
"MZ7-mel",753596,"skin","melanoma"
"MDST8",1240173,"large_intestine","large_intestine"
"U-118-MG",687588,"nervous_system","glioma"
"WM1552C",1299078,"skin","melanoma"
"YH-13",909905,"nervous_system","glioma"
"TE-1",753621,"aero_dig_tract","oesophagus"
"TE-8",753623,"aero_dig_tract","oesophagus"
"SiHa",930297,"urogenital_system","cervix"
"SCC-9",909709,"aero_dig_tract","head and neck"
"SNU-182",1240216,"digestive_system","liver"
"SK-N-SH",717431,"neuroblastoma","neuroblastoma"
"MS-1",753594,"lung_SCLC","lung_small_cell_carcinoma"
"MZ2-MEL",971777,"skin","melanoma"
"MOLM-13",1330947,"leukemia","acute_myeloid_leukaemia"
"U-698-M",909777,"leukemia","B_cell_leukemia"
"WM793B",1299081,"skin","melanoma"
"YAPC",909904,"pancreas","pancreas"
"TE-10",753622,"aero_dig_tract","oesophagus"
"TE-9",946353,"aero_dig_tract","oesophagus"
"SLVL",1331032,"lymphoma","B_cell_lymphoma"
"SNU-449",909738,"digestive_system","liver"
"SW780",687457,"urogenital_system","Bladder"
"SK-N-FI",688087,"neuroblastoma","neuroblastoma"
"MV-4-11",908156,"leukemia","leukemia"
"MZ1-PC",753595,"pancreas","pancreas"
"MOLT-4",905958,"leukemia","lymphoblastic_leukemia"
"UACC-893",909778,"breast","breast"
"WM278",1240226,"skin","melanoma"
"ZR-75-30",909907,"breast","breast"
"TOV-21G",1240222,"urogenital_system","ovary"
"TGBC11TKB",909770,"digestive_system","stomach"
"SNB75",905982,"nervous_system","glioma"
"SW900",724879,"lung_NSCLC","lung_NSCLC_squamous_cell_carcinoma"
"SK-HEP-1",909719,"digestive_system","liver"
"ML-1",1240178,"thyroid","thyroid"
"MG-63",908131,"bone","osteosarcoma"
"VCaP",1299075,"urogenital_system","prostate"
"WSU-NHL",909785,"lymphoma","lymphoid_neoplasm other"
"YKG-1",687592,"nervous_system","glioma"
"TE-12",946356,"aero_dig_tract","oesophagus"
"THP-1",909771,"leukemia","acute_myeloid_leukaemia"
"SNU-475",909739,"digestive_system","liver"
"SUP-B15",1247871,"leukemia","lymphoblastic_leukemia"
"SK-OV-3",905959,"urogenital_system","ovary"
"ST486",910906,"lymphoma","Burkitt_lymphoma"
"ML-2",908141,"leukemia","acute_myeloid_leukaemia"
"MHH-PREB-1",908136,"leukemia","B_cell_leukemia"
"U-266",753615,"myeloma","myeloma"
"VAL",1331048,"lymphoma","B_cell_lymphoma"
"WM35",1299080,"skin","melanoma"
"U031",905981,"kidney","kidney"
"TE-11",946354,"aero_dig_tract","oesophagus"
"T-T",1299064,"aero_dig_tract","oesophagus"
"SU-DHL-8",1331038,"lymphoma","B_cell_lymphoma"
"SK-MEL-24",909725,"skin","melanoma"
"SW837",909755,"large_intestine","large_intestine"
"T-24",724812,"urogenital_system","Bladder"
"MRK-nu-1",908151,"breast","breast"
"MCF7",905946,"breast","breast"
"UM-UC-3",724838,"urogenital_system","Bladder"
"VM-CUB-1",909780,"urogenital_system","Bladder"
"WIL2-NS",1331049,"lymphoma","lymphoid_neoplasm other"
"SBC-1",713885,"lung_SCLC","lung_small_cell_carcinoma"
"TE-15",753614,"aero_dig_tract","oesophagus"
"TT2609-C02",1240223,"thyroid","thyroid"
"SK-MEL-5",905956,"skin","melanoma"
"SW1990",910907,"pancreas","pancreas"
"SW620",905962,"large_intestine","large_intestine"
"T47D",905945,"breast","breast"
"MKN28",908139,"digestive_system","stomach"
"MMAC-SF",925339,"skin","melanoma"
"U251",905983,"nervous_system","glioma"
"VA-ES-BJ",688121,"soft_tissue","soft_tissue_other"
"WSU-DLCL2",1331050,"lymphoma","B_cell_lymphoma"
"SAS",909708,"aero_dig_tract","head and neck"
"TE-5",735784,"aero_dig_tract","oesophagus"
"TUR",909773,"lymphoma","B_cell_lymphoma"
"SJRH30",909716,"soft_tissue","rhabdomyosarcoma"
"SW872",909756,"soft_tissue","soft_tissue_other"
"SNU-387",909736,"digestive_system","liver"
"T98G",687586,"nervous_system","glioma"
"MKN1",908138,"digestive_system","stomach"
"MC116",907799,"lymphoma","B_cell_lymphoma"
"U-87-MG",687590,"nervous_system","glioma"
"UMC-11",909779,"lung_NSCLC","lung_NSCLC_carcinoid"
"TE-6",946355,"aero_dig_tract","oesophagus"
"TCCSUP",687459,"urogenital_system","Bladder"
"SU-DHL-10",1331033,"lymphoma","B_cell_lymphoma"
"SK-MEL-28",905954,"skin","melanoma"
"SU-DHL-1",909742,"lymphoma","anaplastic_large_cell_lymphoma"
"T84",909761,"large_intestine","large_intestine"
"201T",1287381,"lung_NSCLC","lung_NSCLC_adenocarcinoma"
"A204",910784,"soft_tissue","rhabdomyosarcoma"
"BCPAP",924104,"thyroid","thyroid"
"BT-20",906801,"breast","breast"
"Ca9-22",753538,"aero_dig_tract","head and neck"
"CHP-212",906820,"neuroblastoma","neuroblastoma"
"CAL-85-1",910852,"breast","breast"
"CPC-N",753547,"lung_SCLC","lung_small_cell_carcinoma"
"CRO-AP2",906807,"lymphoma","B_cell_lymphoma"
"DK-MG",906839,"nervous_system","glioma"
"EGI-1",906853,"digestive_system","biliary_tract"
"23132-87",910924,"digestive_system","stomach"
"ACHN",905950,"kidney","kidney"
"BE-13",906763,"leukemia","lymphoblastic_leukemia"
"BHT-101",906696,"thyroid","thyroid"
"CAKI-1",905963,"kidney","kidney"
"COLO-679",906818,"skin","melanoma"
"CAL-78",1290765,"bone","chondrosarcoma"
"COLO-668",910692,"lung_SCLC","lung_small_cell_carcinoma"
"D-263MG",946368,"nervous_system","glioma"
"DMS-53",907295,"lung_SCLC","lung_small_cell_carcinoma"
"EM-2",906855,"leukemia","chronic_myeloid_leukaemia"
"42-MG-BA",687561,"nervous_system","glioma"
"A375",906793,"skin","melanoma"
"AM-38",910933,"nervous_system","glioma"
"BE2-M17",753616,"neuroblastoma","neuroblastoma"
"BT-549",905951,"breast","breast"
"CAS-1",910943,"nervous_system","glioma"
"COLO-678",910689,"large_intestine","large_intestine"
"Capan-2",910915,"pancreas","pancreas"
"COR-L88",906808,"lung_SCLC","lung_small_cell_carcinoma"
"DAN-G",1290797,"pancreas","pancreas"
"DOK",910936,"aero_dig_tract","head and neck"
"ES4",949156,"bone","ewings_sarcoma"
697,906800,"leukemia","lymphoblastic_leukemia"
"A388",910697,"skin","skin_other"
"AN3-CA",910781,"urogenital_system","endometrium"
"BEN",753534,"lung_NSCLC","lung_NSCLC_not specified"
"BT-483",949093,"breast","breast"
"CAMA-1",946382,"breast","breast"
"COLO-320-HSR",910569,"large_intestine","large_intestine"
"Ca-Ski",906824,"urogenital_system","cervix"
"COR-L105",906805,"lung_NSCLC","lung_NSCLC_adenocarcinoma"
"D-502MG",946373,"nervous_system","glioma"
"DU-145",905935,"urogenital_system","prostate"
"EN",1240127,"urogenital_system","endometrium"
"769-P",910922,"kidney","kidney"
"A4-Fuk",910934,"lymphoma","B_cell_lymphoma"
"ARH-77",906765,"myeloma","myeloma"
"BFTC-909",910698,"kidney","kidney"
"BV-173",910710,"leukemia","chronic_myeloid_leukaemia"
"Calu-6",724859,"lung_NSCLC","lung_NSCLC_adenocarcinoma"
"C-33-A",687505,"urogenital_system","cervix"
"COLO-792",906814,"skin","melanoma"
"COR-L23",687780,"lung_NSCLC","lung_NSCLC_large cell"
"Daoy",906833,"nervous_system","medulloblastoma"
"DoTc2-4510",906843,"urogenital_system","cervix"
"ES-2",1240128,"urogenital_system","ovary"
"8305C",906795,"thyroid","thyroid"
"A431",910925,"skin","skin_other"
"ATN-1",910687,"leukemia","lymphoblastic_T_cell_leukaemia"
"BHY",753535,"aero_dig_tract","head and neck"
"C2BBe1",910700,"large_intestine","large_intestine"
"CAPAN-1",753624,"pancreas","pancreas"
"CA46",910703,"lymphoma","Burkitt_lymphoma"
"CFPAC-1",906821,"pancreas","pancreas"
"BPH-1",924105,"urogenital_system","prostate"
"Detroit562",906837,"aero_dig_tract","head and neck"
"DB",906832,"lymphoma","B_cell_lymphoma"
"EW-22",949167,"bone","ewings_sarcoma"
"A101D",910921,"skin","melanoma"
"A549",905949,"lung_NSCLC","lung_NSCLC_adenocarcinoma"
"BALL-1",910705,"leukemia","B_cell_leukemia"
"BICR78",1240122,"aero_dig_tract","head and neck"
"C3A",910850,"digestive_system","liver"
"CHL-1",910853,"skin","melanoma"
"CAL-39",924107,"urogenital_system","cervix"
"COLO-824",906812,"breast","breast"
"CTV-1",753548,"leukemia","acute_myeloid_leukaemia"
"DG-75",906838,"lymphoma","Burkitt_lymphoma"
"EFM-19",906851,"breast","breast"
"EW-11",684062,"bone","ewings_sarcoma"
"A172",687563,"nervous_system","glioma"
"A673",684052,"soft_tissue","rhabdomyosarcoma"
"BC-1",910919,"lymphoma","B_cell_lymphoma"
"CHP-134",910941,"neuroblastoma","neuroblastoma"
"CAL-72",906827,"bone","osteosarcoma"
"ChaGo-K-1",687596,"lung_NSCLC","lung_NSCLC_not specified"
"DJM-1",906841,"skin","skin_other"
"EFO-27",906852,"urogenital_system","ovary"
"EW-1",949163,"bone","ewings_sarcoma"
"MEL-JUSO",908125,"skin","melanoma"
"SF539",905984,"nervous_system","glioma"
"SUP-T1",909743,"leukemia","lymphoblastic_T_cell_leukaemia"
"KP-4",753572,"pancreas","pancreas"
"KM-H2",909976,"lymphoma","Hodgkin_lymphoma"
"SK-LMS-1",909720,"soft_tissue","soft_tissue_other"
"H-EMC-SS",907290,"bone","chondrosarcoma"
"HD-MY-Z",907050,"lymphoma","Hodgkin_lymphoma"
"SW684",909754,"soft_tissue","fibrosarcoma"
"HOP-92",905973,"lung_NSCLC","lung_NSCLC_large cell"
"JEG-3",907176,"urogenital_system","urogenital_system_other"
"JHH-2",1240157,"digestive_system","liver"
"MDA-MB-231",905960,"breast","breast"
"SHP-77",724872,"lung_SCLC","lung_small_cell_carcinoma"
"SK-ES-1",684072,"bone","ewings_sarcoma"
"KYM-1",1240166,"soft_tissue","rhabdomyosarcoma"
"KON",1298215,"aero_dig_tract","head and neck"
"Hs766T",1298141,"pancreas","pancreas"
"HCC-827",1240146,"lung_NSCLC","lung_NSCLC_adenocarcinoma"
"SW948",909757,"large_intestine","large_intestine"
"HCE-4",753559,"aero_dig_tract","oesophagus"
"JVM-3",907270,"lymphoma","lymphoid_neoplasm other"
"JHH-4",1240158,"digestive_system","liver"
"MDA-MB-361",908121,"breast","breast"
"SH-4",909713,"skin","melanoma"
"SUIT-2",1240219,"pancreas","pancreas"
"KNS-42",907282,"nervous_system","glioma"
"HSC-4",907062,"aero_dig_tract","head and neck"
"HN",907059,"aero_dig_tract","head and neck"
"HT-1080",907064,"soft_tissue","fibrosarcoma"
"SW954",924247,"urogenital_system","urogenital_system_other"
"JURL-MK1",1327771,"leukemia","chronic_myeloid_leukaemia"
"JSC-1",1327769,"lymphoma","B_cell_lymphoma"
"IPC-298",907171,"skin","melanoma"
"MDA-MB-453",908122,"breast","breast"
"SK-MES-1",909728,"lung_NSCLC","lung_NSCLC_squamous_cell_carcinoma"
"SK-UT-1",909732,"soft_tissue","soft_tissue_other"
"KP-1N",1298216,"pancreas","pancreas"
"HT-1376",907066,"urogenital_system","Bladder"
"HA7-RCC",753558,"kidney","kidney"
"HPAF-II",724869,"pancreas","pancreas"
"SW962",909758,"urogenital_system","urogenital_system_other"
"JJN-3",1327766,"myeloma","haematopoietic_neoplasm other"
"IA-LM",910779,"lung_NSCLC","lung_NSCLC_large cell"
"SBC-5",713880,"lung_SCLC","lung_small_cell_carcinoma"
"SR",905965,"lymphoma","lymphoid_neoplasm other"
"SK-MG-1",909729,"nervous_system","glioma"
"SKG-IIIa",930298,"urogenital_system","cervix"
"KNS-62",753569,"lung_NSCLC","lung_NSCLC_squamous_cell_carcinoma"
"H4",907042,"nervous_system","glioma"
"HT55",907287,"large_intestine","large_intestine"
"SK-MM-2",753612,"myeloma","myeloma"
"JiyoyeP-2003",907268,"lymphoma","Burkitt_lymphoma"
"JHH-6",1240159,"digestive_system","liver"
"IM-95",1240155,"digestive_system","stomach"
"SCC-15",910911,"aero_dig_tract","head and neck"
"TOV-112D",1299070,"urogenital_system","ovary"
"SKN",1240215,"urogenital_system","uterus"
"SK-LU-1",909721,"lung_NSCLC","lung_NSCLC_adenocarcinoma"
"KARPAS-422",907274,"lymphoma","B_cell_lymphoma"
"HuP-T4",907286,"pancreas","pancreas"
"HAL-01",949153,"leukemia","lymphoblastic_leukemia"
"HLE",907057,"digestive_system","liver"
"SK-PN-DW",909731,"bone","ewings_sarcoma"
"J82",753566,"urogenital_system","Bladder"
"JHH-7",1240160,"digestive_system","liver"
"IGR-37",1240153,"skin","melanoma"
"SAT",1299050,"aero_dig_tract","head and neck"
"SW1573",724878,"lung_NSCLC","lung_NSCLC_adenocarcinoma"
"SKN-3",1299059,"aero_dig_tract","head and neck"
"SKM-1",909722,"leukemia","haematopoietic_neoplasm other"
"SK-MEL-30",909726,"skin","melanoma"
"HUTU-80",907073,"digestive_system","digestive_system_other"
"HOP-62",905972,"lung_NSCLC","lung_NSCLC_adenocarcinoma"
"IHH-4",1240154,"thyroid","thyroid"
"IST-SL1",753564,"lung_SCLC","lung_small_cell_carcinoma"
"JAR",907175,"urogenital_system","urogenital_system_other"
"JHU-011",1240161,"aero_dig_tract","head and neck"
"IGROV-1",905968,"urogenital_system","ovary"
"SBC-3",753610,"lung_SCLC","lung_small_cell_carcinoma"
"SUP-B8",910209,"leukemia","B_cell_leukemia"
"SK-MEL-3",909724,"skin","melanoma"
"IM-9",753563,"myeloma","myeloma"
"KYSE-50",1298222,"aero_dig_tract","oesophagus"
"HDQ-P1",1290922,"breast","breast"
"IST-SL2",753565,"lung_SCLC","lung_small_cell_carcinoma"
"IMR-5",907170,"neuroblastoma","neuroblastoma"
"JEKO-1",1327765,"lymphoma","B_cell_lymphoma"
"JHU-022",1240162,"aero_dig_tract","head and neck"
"EVSA-T",906862,"breast","breast"
"EBC-1",753554,"lung_NSCLC","lung_NSCLC_squamous_cell_carcinoma"
"ASH-3",1290722,"thyroid","thyroid"
"CaR-1",924108,"large_intestine","large_intestine"
"CP66-MEL",753546,"skin","melanoma"
"D-392MG",946370,"nervous_system","glioma"
"EW-16",949165,"bone","ewings_sarcoma"
"HL-60",905938,"leukemia","acute_myeloid_leukaemia"
"HCC1937",749714,"breast","breast"
"HEL",907053,"leukemia","acute_myeloid_leukaemia"
"HCC202",1290906,"breast","breast"
"HCC1500",1303900,"breast","breast"
"ES7",684059,"bone","ewings_sarcoma"
"AMO-1",1295741,"myeloma","haematopoietic_neoplasm other"
"A2780",906804,"urogenital_system","ovary"
"DEL",906836,"lymphoma","lymphoid_neoplasm other"
"ECC10",906848,"digestive_system","stomach"
"EW-13",949166,"bone","ewings_sarcoma"
"HSC-3",907061,"aero_dig_tract","head and neck"
"HuO9",907072,"bone","osteosarcoma"
"HPAC",1298136,"pancreas","pancreas"
"Hs633T",1240149,"soft_tissue","fibrosarcoma"
"HCC2998",905971,"large_intestine","large_intestine"
"EFO-21",911905,"urogenital_system","ovary"
"451Lu",1287706,"skin","melanoma"
"BB30-HNC",753531,"aero_dig_tract","head and neck"
"CL-11",1290769,"large_intestine","large_intestine"
"D-336MG",946369,"nervous_system","glioma"
"ECC12",906849,"digestive_system","stomach"
"EKVX",905970,"lung_NSCLC","lung_NSCLC_adenocarcinoma"
"HuP-T3",907285,"pancreas","pancreas"
"HEC-1",907051,"urogenital_system","endometrium"
"HGC-27",907055,"digestive_system","stomach"
"H9",907043,"lymphoma","lymphoid_neoplasm other"
"HCC-56",1290907,"large_intestine","large_intestine"
"EW-18",949164,"bone","ewings_sarcoma"
"A427",910851,"lung_NSCLC","lung_NSCLC_not specified"
"BB49-HNC",753532,"aero_dig_tract","head and neck"
"CCK-81",1240123,"large_intestine","large_intestine"
"D-247MG",946367,"nervous_system","glioma"
"ES5",684057,"bone","ewings_sarcoma"
"EoL-1-cell",906856,"leukemia","haematopoietic_neoplasm other"
"HO-1-N-1",924111,"aero_dig_tract","head and neck"
"HCC-44",1240145,"lung_NSCLC","lung_NSCLC_adenocarcinoma"
"HTC-C3",924151,"thyroid","thyroid"
"HCC-78",1290908,"lung_NSCLC","lung_NSCLC_adenocarcinoma"
"HCC-15",1240143,"lung_NSCLC","lung_NSCLC_squamous_cell_carcinoma"
"EB-3",906847,"lymphoma","Burkitt_lymphoma"
"A498",905948,"kidney","kidney"
"BB65-RCC",753533,"kidney","kidney"
"CCRF-CEM",905952,"leukemia","lymphoblastic_leukemia"
"D-542MG",753549,"nervous_system","glioma"
"EW-3",949161,"bone","ewings_sarcoma"
"EMC-BAC-2",1503370,"lung_NSCLC","lung_NSCLC_adenocarcinoma"
"HuCCT1",907069,"digestive_system","biliary_tract"
"HCC1187",749711,"breast","breast"
"HCC2157",749715,"breast","breast"
"Hs746T",1240151,"digestive_system","stomach"
"HCC1954",749709,"breast","breast"
"EPLC-272H",753556,"lung_NSCLC","lung_NSCLC_squamous_cell_carcinoma"
"A253",906794,"aero_dig_tract","head and neck"
"COLO-684",910691,"urogenital_system","endometrium"
"DMS-79",753551,"lung_SCLC","lung_small_cell_carcinoma"
"EW-7",949160,"bone","ewings_sarcoma"
"EHEB",906854,"lymphoma","lymphoid_neoplasm other"
"HCT-15",905937,"large_intestine","large_intestine"
"H3255",1247873,"lung_NSCLC","lung_NSCLC_adenocarcinoma"
"HCC2218",749716,"breast","breast"
"HH",907056,"leukemia","T_cell_leukemia"
"HT-144",907067,"skin","melanoma"
"EC-GI-10",753555,"aero_dig_tract","oesophagus"
"ABC-1",906791,"lung_NSCLC","lung_NSCLC_adenocarcinoma"
"CAL-27",910916,"aero_dig_tract","head and neck"
"CGTH-W-1",910568,"thyroid","thyroid"
"DND-41",1297446,"leukemia","T_cell_leukemia"
"EW-24",949168,"bone","ewings_sarcoma"
"EMC-BAC-1",1503369,"lung_NSCLC","lung_NSCLC_adenocarcinoma"
"HCC70",907048,"breast","breast"
"H3118",1240140,"aero_dig_tract","head and neck"
"HCC1569",907046,"breast","breast"
"HARA",1240142,"lung_NSCLC","lung_NSCLC_squamous_cell_carcinoma"
"HT-115",907289,"large_intestine","large_intestine"
"EB2",906846,"lymphoma","Burkitt_lymphoma"
"ALL-PO",910944,"leukemia","lymphoblastic_leukemia"
"BICR22",1240121,"aero_dig_tract","head and neck"
"CTB-1",949088,"lymphoma","B_cell_lymphoma"
"DOHH-2",906842,"lymphoma","B_cell_lymphoma"
"ESO26",1503366,"aero_dig_tract","oesophagus"
"HCC1806",907047,"breast","breast"
"Hs683",1240150,"nervous_system","glioma"
"HCC1428",1290905,"breast","breast"
"HuH-7",907071,"digestive_system","liver"
"HT-3",907068,"urogenital_system","cervix"
"NCI-H1869",1240183,"lung_NSCLC","lung_NSCLC_squamous_cell_carcinoma"
"NCI-H2347",687820,"lung_NSCLC","lung_NSCLC_adenocarcinoma"
"NCI-H2170",687815,"lung_NSCLC","lung_NSCLC_squamous_cell_carcinoma"
"NCI-H510A",753605,"lung_SCLC","lung_small_cell_carcinoma"
"NCI-H810",925341,"lung_NSCLC","lung_NSCLC_large cell"
"NCI-SNU-1",908444,"digestive_system","stomach"
"NUGC-3",908455,"digestive_system","stomach"
"NB7",949174,"neuroblastoma","neuroblastoma"
"NMC-G1",908449,"nervous_system","glioma"
"OCI-M1",1330985,"leukemia","acute_myeloid_leukaemia"
"NCI-H1666",908473,"lung_NSCLC","lung_NSCLC_adenocarcinoma"
"SW1710",909749,"urogenital_system","Bladder"
"NCI-H1650",687800,"lung_NSCLC","lung_NSCLC_adenocarcinoma"
"NCI-H2405",687821,"lung_NSCLC","lung_NSCLC_adenocarcinoma"
"NCI-H2029",688011,"lung_SCLC","lung_small_cell_carcinoma"
"NCI-H322M",905967,"lung_NSCLC","lung_NSCLC_adenocarcinoma"
"NCI-H740",1331055,"lung_SCLC","lung_small_cell_carcinoma"
"NCI-SNU-16",908446,"digestive_system","stomach"
"NU-DUL-1",1330982,"lymphoma","B_cell_lymphoma"
"OVK-18",1480371,"urogenital_system","ovary"
"OCI-LY-19",1330984,"lymphoma","B_cell_lymphoma"
"NCI-H196",1240186,"lung_SCLC","lung_small_cell_carcinoma"
"SCH",909711,"digestive_system","stomach"
"NCI-H1838",687807,"lung_NSCLC","lung_NSCLC_adenocarcinoma"
"NCI-H2023",1240187,"lung_NSCLC","lung_NSCLC_adenocarcinoma"
"NCI-H211",1240189,"lung_SCLC","lung_small_cell_carcinoma"
"NCI-H650",722066,"lung_NSCLC","lung_NSCLC_adenocarcinoma"
"NCI-H841",1240192,"lung_SCLC","lung_small_cell_carcinoma"
"NALM-6",908158,"leukemia","B_cell_leukemia"
"NB14",949178,"neuroblastoma","neuroblastoma"
"no-11",908450,"nervous_system","glioma"
"OACM5-1",1503363,"aero_dig_tract","oesophagus"
"OCI-AML5",1330983,"leukemia","acute_myeloid_leukaemia"
"SNU-423",909737,"digestive_system","liver"
"NCI-H1703",908474,"lung_NSCLC","lung_NSCLC_adenocarcinoma"
"NCI-H2227",688018,"lung_SCLC","lung_small_cell_carcinoma"
"NCI-H209",688013,"lung_SCLC","lung_small_cell_carcinoma"
"NCI-H2291",724874,"lung_NSCLC","lung_NSCLC_adenocarcinoma"
"NCI-H3122",1240190,"lung_NSCLC","lung_NSCLC_adenocarcinoma"
"NCI-H747",908457,"large_intestine","large_intestine"
"NCI-SNU-5",908445,"digestive_system","stomach"
"NCC021",1509074,"kidney","kidney"
"NY",910849,"bone","osteosarcoma"
"OVCAR-4",905990,"urogenital_system","ovary"
"OACp4C",1503362,"aero_dig_tract","oesophagus"
"SN12C",905979,"kidney","kidney"
"SCC-25",910701,"aero_dig_tract","head and neck"
"NCI-H1693",687802,"lung_NSCLC","lung_NSCLC_adenocarcinoma"
"NCI-H2444",1298356,"lung_NSCLC","lung_NSCLC_not specified"
"NCI-H520",908443,"lung_NSCLC","lung_NSCLC_squamous_cell_carcinoma"
"NCI-H526",688025,"lung_SCLC","lung_small_cell_carcinoma"
"NCI-H929",724825,"myeloma","myeloma"
"NAMALWA",908159,"lymphoma","Burkitt_lymphoma"
"NKM-1",908448,"leukemia","acute_myeloid_leukaemia"
"NB13",949177,"neuroblastoma","neuroblastoma"
"OVCAR-3",905933,"urogenital_system","ovary"
"NCI-H1694",688006,"lung_SCLC","lung_small_cell_carcinoma"
"SW1116",909746,"large_intestine","large_intestine"
"SNU-C2B",909740,"large_intestine","large_intestine"
"NCI-H2135",1298352,"lung_NSCLC","lung_NSCLC_not specified"
"NCI-H2085",687812,"lung_NSCLC","lung_NSCLC_adenocarcinoma"
"NCI-H378",688022,"lung_SCLC","lung_small_cell_carcinoma"
"NCI-H64",688026,"lung_SCLC","lung_small_cell_carcinoma"
"NCI-H69",688027,"lung_SCLC","lung_small_cell_carcinoma"
"NB10",949171,"neuroblastoma","neuroblastoma"
"NOMO-1",908451,"leukemia","acute_myeloid_leukaemia"
"NB17",949175,"neuroblastoma","neuroblastoma"
"OCUM-1",1298358,"digestive_system","stomach"
"SW1463",909748,"large_intestine","large_intestine"
"SW13",909744,"kidney","adrenal_gland"
"SNU-398",1240217,"digestive_system","liver"
"NCI-H2342",687819,"lung_NSCLC","lung_NSCLC_adenocarcinoma"
"NCI-H630",908482,"large_intestine","large_intestine"
"NCI-H596",908459,"lung_NSCLC","lung_NSCLC_adenocarcinoma"
"NCI-H82",688031,"lung_SCLC","lung_small_cell_carcinoma"
"NB12",949172,"neuroblastoma","neuroblastoma"
"NH-12",908447,"neuroblastoma","neuroblastoma"
"NB5",949176,"neuroblastoma","neuroblastoma"
"SCC-3",910930,"lymphoma","B_cell_lymphoma"
"SW48",909751,"large_intestine","large_intestine"
"SU-DHL-4",1331035,"lymphoma","B_cell_lymphoma"
"SF268",905986,"nervous_system","glioma"
"NCI-H23",905942,"lung_NSCLC","lung_NSCLC_adenocarcinoma"
"NCI-H522",905944,"lung_NSCLC","lung_NSCLC_adenocarcinoma"
"NCI-H835",753607,"lung_NSCLC","lung_NSCLC_carcinoid"
"NCI-H647",1240191,"lung_NSCLC","lung_NSCLC_not specified"
"NB69",908440,"neuroblastoma","neuroblastoma"
"no-10",908452,"nervous_system","glioma"
"NTERA-2 cl.D1",908454,"urogenital_system","testis"
"SCC-4",910904,"aero_dig_tract","head and neck"
"NCI-H1975",924244,"lung_NSCLC","lung_NSCLC_adenocarcinoma"
"SW982",909759,"soft_tissue","soft_tissue_other"
"SF126",909712,"nervous_system","glioma"
"CMK",910566,"leukemia","acute_myeloid_leukaemia"
"NB(TU)1-10",1240181,"neuroblastoma","neuroblastoma"
"NCI-H2141",688014,"lung_SCLC","lung_small_cell_carcinoma"
"NCI-H250",924241,"lung_SCLC","lung_small_cell_carcinoma"
"CCF-STTG1",906823,"nervous_system","glioma"
"COR-L321",1322213,"lung","Lung_other"
"SK-MEL-2",905955,"skin","melanoma"
"Hs-578-T",905957,"breast","breast"
"VMRC-LCD",713869,"lung_NSCLC","lung_NSCLC_adenocarcinoma"
"OVCA420",1480364,"urogenital_system","ovary"
"BL-41",910706,"lymphoma","Burkitt_lymphoma"
"UWB1.289",1480374,"urogenital_system","ovary"
"COR-L32",1322212,"lung_SCLC","lung_small_cell_carcinoma"
"NCI-H1341",1330964,"lung_SCLC","lung_small_cell_carcinoma"
"Farage",1297449,"lymphoma","B_cell_lymphoma"
"NCI-H660",1330975,"urogenital_system","prostate"
"KARPAS-299",907273,"lymphoma","anaplastic_large_cell_lymphoma"
"NCI-H2172",1298353,"lung_NSCLC","lung_NSCLC_not specified"
"LK-2",687787,"lung_NSCLC","lung_NSCLC_squamous_cell_carcinoma"
"SK-GT-2",1503364,"digestive_system","stomach"
"SW756",724839,"urogenital_system","cervix"
"NUGC-4",1298357,"digestive_system","stomach"
"HCC-366",1240144,"lung_NSCLC","lung_NSCLC_not specified"
"ROS-50",1331025,"leukemia","B_cell_leukemia"
"CHSA0011",1290767,"bone","chondrosarcoma"
"KYAE-1",1503368,"aero_dig_tract","oesophagus"
"MOLP-8",1330950,"myeloma","myeloma"
"NCI-H847",1240193,"lung_SCLC","lung_small_cell_carcinoma"
"COLO-783",1240125,"skin","melanoma"
"LP-1",907791,"myeloma","myeloma"
"NCI-H524",908483,"lung_SCLC","lung_small_cell_carcinoma"
"NEC8",910942,"urogenital_system","testis"
"CHSA8926",1303912,"bone","chondrosarcoma"
"RPMI-8402",909702,"leukemia","lymphoblastic_T_cell_leukaemia"
"NCI-H2110",1298351,"lung_NSCLC","lung_NSCLC_not specified"
"LB2518-MEL",753579,"skin","melanoma"
"TYK-nu",909774,"urogenital_system","ovary"
"SUP-HD1",1331039,"lymphoma","Hodgkin_lymphoma"
"SK-CO-1",909718,"large_intestine","large_intestine"
"EJM",1297447,"myeloma","lymphoid_neoplasm other"
"CL-40",1240124,"large_intestine","large_intestine"
"JHOS-4",1480359,"urogenital_system","ovary"
"Caov-4",949090,"urogenital_system","ovary"
"NCI-H1836",1240182,"lung_SCLC","lung_small_cell_carcinoma"
"huH-1",1298146,"digestive_system","liver"
"HCC1143",749710,"breast","breast"
"MOG-G-CCM",908144,"nervous_system","glioma"
"OV-17R",1480361,"urogenital_system","ovary"
"BICR10",1290724,"aero_dig_tract","head and neck"
"NCI-H1435",1298347,"lung_NSCLC","lung_NSCLC_adenocarcinoma"
"COR-L311",687980,"lung_SCLC","lung_small_cell_carcinoma"
"NCI-H1417",688001,"lung_SCLC","lung_small_cell_carcinoma"
"COR-L279",910937,"lung_SCLC","lung_small_cell_carcinoma"
"MLMA",908142,"leukemia","hairy_cell_leukaemia"
"Hep 3B2_1-7",1240147,"digestive_system","liver"
"LB373-MEL-D",753581,"skin","melanoma"
"MDA-MB-468",908123,"breast","breast"
"SU-DHL-6",1331037,"lymphoma","B_cell_lymphoma"
"RERF-LC-KJ",1298537,"lung_NSCLC","lung_NSCLC_adenocarcinoma"
"COR-L95",1297439,"lung_SCLC","lung_small_cell_carcinoma"
"MHH-CALL-2",908132,"leukemia","B_cell_leukemia"
"COR-L303",1297438,"lung_SCLC","lung_small_cell_carcinoma"
"MDA-MB-415",924240,"breast","breast"
"JHOS-3",1480358,"urogenital_system","ovary"
"NB-4",1323913,"leukemia","acute_myeloid_leukaemia"
"OV-7",1480360,"urogenital_system","ovary"
"BICR31",1290725,"aero_dig_tract","head and neck"
"MDA-MB-330",1330941,"breast","breast"
"MHH-CALL-4",908133,"leukemia","B_cell_leukemia"
"MC-CAR",683665,"myeloma","haematopoietic_neoplasm other"
"TGW",910780,"neuroblastoma","neuroblastoma"
"NCI-H1436",908469,"lung_SCLC","lung_small_cell_carcinoma"
"CADO-ES1",753539,"bone","ewings_sarcoma"
"JHOS-2",1479995,"urogenital_system","ovary"
"YT",946358,"lymphoma","lymphoid_neoplasm other"
"SK-GT-4",1503365,"aero_dig_tract","oesophagus"
"UACC-812",910910,"breast","breast"
"SNU-61",1660035,"large_intestine","large_intestine"
"SIG-M5",909715,"leukemia","acute_myeloid_leukaemia"
"ALL-SIL",1295740,"leukemia","T_cell_leukemia"
"KMS-12-BM",907281,"myeloma","myeloma"
"FTC-133",906864,"thyroid","thyroid"
"RCC10RGB",909974,"kidney","kidney"
"MKN45",925340,"digestive_system","stomach"
"TE-441-T",924248,"soft_tissue","rhabdomyosarcoma"
"SNU-175",1659928,"large_intestine","large_intestine"
"SF295",905985,"nervous_system","glioma"
"AsPC-1",910702,"pancreas","pancreas"
"KYSE-180",907318,"aero_dig_tract","oesophagus"
"CS1",1290795,"bone","bone_other"
"Raji",909262,"lymphoma","Burkitt_lymphoma"
"NCI-N87",908461,"digestive_system","stomach"
"MIA-PaCa-2",724870,"pancreas","pancreas"
"TC-YIK",946357,"urogenital_system","cervix"
"SNU-283",1659929,"large_intestine","large_intestine"
"A3-KAW",910935,"lymphoma","B_cell_lymphoma"
"BONNA-12",906695,"leukemia","hairy_cell_leukaemia"
"KMOE-2",907280,"leukemia","acute_myeloid_leukaemia"
"PWR-1E",1330993,"urogenital_system","prostate"
"NCI-H748",909194,"lung_SCLC","lung_small_cell_carcinoma"
"MHH-NB-11",908135,"neuroblastoma","neuroblastoma"
"SUP-M2",1331040,"lymphoma","anaplastic_large_cell_lymphoma"
"SNU-1040",1659823,"large_intestine","large_intestine"
"BxPC-3",906693,"pancreas","pancreas"
"HuO-3N1",909977,"bone","osteosarcoma"
"Calu-3",687777,"lung_NSCLC","lung_NSCLC_adenocarcinoma"
"PCI-4B",1298531,"aero_dig_tract","head and neck"
"NCI-H2196",908481,"lung_SCLC","lung_small_cell_carcinoma"
"A704",910920,"kidney","kidney"
"SNU-C5",1674021,"large_intestine","large_intestine"
"SK-N-DZ",688086,"neuroblastoma","neuroblastoma"
"RCC-FG2",1524414,"kidney","kidney"
"KASUMI-1",907275,"leukemia","acute_myeloid_leukaemia"
"CHP-126",910567,"neuroblastoma","neuroblastoma"
"PC-3",905934,"urogenital_system","prostate"
"NCI-H2066",1330973,"lung_SCLC","lung_small_cell_carcinoma"
"SW156",1240220,"kidney","kidney"
"SU-DHL-5",1331036,"lymphoma","B_cell_lymphoma"
"SK-N-AS",724828,"neuroblastoma","neuroblastoma"
"8-MG-BA",687562,"nervous_system","glioma"
"Hs940-T",1298145,"skin","melanoma"
"CAL-12T",753540,"lung_NSCLC","lung_NSCLC_not specified"
"PANC-02-03",1298475,"pancreas","pancreas"
"NCI-H1105",908468,"lung_SCLC","lung_small_cell_carcinoma"
"LoVo",907790,"large_intestine","large_intestine"
"SNU-81",1660036,"large_intestine","large_intestine"
"SK-MEL-31",909727,"skin","melanoma"
"ME-1",1330942,"leukemia","acute_myeloid_leukaemia"
"HSC-39",1322224,"digestive_system","stomach"
"CAL-148",924106,"breast","breast"
"P31-FUJ",909253,"leukemia","acute_myeloid_leukaemia"
"NCCIT",908441,"urogenital_system","testis"
"SNU-407",1660034,"large_intestine","large_intestine"
"SIMA",753620,"neuroblastoma","neuroblastoma"
"AGS",906790,"digestive_system","stomach"
"EW-12",949162,"bone","ewings_sarcoma"
"RCC-ER",1524417,"kidney","kidney"
"MM1S",1659818,"myeloma","myeloma"
"KARPAS-45",907272,"leukemia","lymphoblastic_leukemia"
"PA-TU-8902",1298526,"pancreas","pancreas"
"ES6",949157,"bone","ewings_sarcoma"
"HO-1-u-1",753561,"aero_dig_tract","head and neck"
"SNU-C1",910905,"large_intestine","large_intestine"
"NB1",949179,"neuroblastoma","neuroblastoma"
"SCC90",1299052,"aero_dig_tract","head and neck"
"KG-1",907278,"leukemia","acute_myeloid_leukaemia"
"K-562",905940,"leukemia","chronic_myeloid_leukaemia"
"NCI-H292",753604,"lung_NSCLC","lung_NSCLC_adenocarcinoma"
"PANC-04-03",1298476,"pancreas","pancreas"
"LNCaP-Clone-FGC",907788,"urogenital_system","prostate"
"C-4-I",687506,"urogenital_system","cervix"
"ESS-1",907000,"urogenital_system","endometrium"
"TC-71",1240221,"bone","ewings_sarcoma"
"KP-2",1298218,"pancreas","pancreas"
"HCC1395",749712,"breast","breast"
"JHU-029",1298156,"aero_dig_tract","head and neck"
"HSC-2",753562,"aero_dig_tract","head and neck"
"STS-0421",1299061,"soft_tissue","soft_tissue_other"
"LB996-RCC",753585,"kidney","kidney"
"SNG-M",909735,"urogenital_system","endometrium"
"NB6",949173,"neuroblastoma","neuroblastoma"
"JVM-2",907269,"lymphoma","lymphoid_neoplasm other"
"TK",1331045,"lymphoma","B_cell_lymphoma"
"DBTRG-05MG",906835,"nervous_system","glioma"
"KP-N-YN",907314,"neuroblastoma","neuroblastoma"
"NCI-H1770",687804,"lung_NSCLC","lung_NSCLC_not specified"
"RCC-JF",1524415,"kidney","kidney"
"NCI-H446",688023,"lung_SCLC","lung_small_cell_carcinoma"
"TK10",905980,"kidney","kidney"
"L-428",907322,"lymphoma","Hodgkin_lymphoma"
"Daudi",906831,"lymphoma","Burkitt_lymphoma"
"CW-2",910554,"large_intestine","large_intestine"
"GDM-1",906870,"leukemia","acute_myeloid_leukaemia"
"KYSE-220",1240167,"aero_dig_tract","oesophagus"
"MDA-MB-436",1240172,"breast","breast"
"MOLM-16",1330948,"leukemia","acute_myeloid_leukaemia"
"OCI-AML3",1290455,"leukemia","acute_myeloid_leukaemia"
"HCC38",749717,"breast","breast"
"RL95-2",930082,"urogenital_system","endometrium"
"NCI-H2087",724834,"lung_NSCLC","lung_NSCLC_adenocarcinoma"
"D-423MG",946372,"nervous_system","glioma"
"8505C",924102,"thyroid","thyroid"
"JM1",1327768,"lymphoma","B_cell_lymphoma"
"CML-T1",910951,"leukemia","chronic_myeloid_leukaemia"
"M059J",949094,"nervous_system","glioma"
"CHSA0108",1290768,"bone","chondrosarcoma"
"CL-34",1290771,"large_intestine","large_intestine"
"CAL-62",906828,"thyroid","thyroid"
"SW626",909753,"urogenital_system","ovary"
"DMS-273",687985,"lung_SCLC","lung_small_cell_carcinoma"
"HCC1599",749713,"breast","breast"
"Hey",1479988,"urogenital_system","ovary"
"MSTO-211H",908152,"lung","mesothelioma"
"RCH-ACV",1330994,"leukemia","B_cell_leukemia"
"SU-DHL-16",1331034,"lymphoma","B_cell_lymphoma"
"GRANTA-519",1303897,"lymphoma","B_cell_lymphoma"
"K2",1298160,"skin","melanoma"
"TE-4",1503371,"aero_dig_tract","oesophagus"
"TGBC1TKB",909769,"digestive_system","biliary_tract"
"NOS-1",925345,"bone","osteosarcoma"
"SJSA-1",909717,"bone","bone_other"
"MN-60",908143,"leukemia","B_cell_leukemia"
"KM12",905989,"large_intestine","large_intestine"
"NCC010",1509073,"kidney","kidney"
"22RV1",924100,"urogenital_system","prostate"
"KARPAS-1106P",1327773,"lymphoma","B_cell_lymphoma"
"LB771-HNC",753583,"aero_dig_tract","head and neck"
"CP50-MEL-B",753545,"skin","melanoma"
"DOV13",1479987,"urogenital_system","ovary"
"NCI-H720",687600,"lung_NSCLC","lung_NSCLC_carcinoid"
"VMRC-RCZ",909781,"kidney","kidney"
"NCI-H345",688021,"lung_SCLC","lung_small_cell_carcinoma"
"LB1047-RCC",753577,"kidney","kidney"
"KU-19-19",907312,"urogenital_system","Bladder"
"OV-56",1480362,"urogenital_system","ovary"
"OVTOKO",1298365,"urogenital_system","ovary"
"FLO-1",1503361,"aero_dig_tract","oesophagus"
"KMS-11",1659817,"myeloma","myeloma"
"Hs-445",1322218,"lymphoma","Hodgkin_lymphoma"
"NCI-H1876",1330972,"lung_SCLC","lung_small_cell_carcinoma"
"U-2-OS",909776,"bone","osteosarcoma"
"NCI-H2122",722046,"lung_NSCLC","lung_NSCLC_adenocarcinoma"
"OCI-LY7",1659819,"lymphoma","B_cell_lymphoma"
"COLO-829",687448,"skin","melanoma"
"MFE-296",908130,"urogenital_system","endometrium"
"D-566MG",946377,"nervous_system","glioma"
"K5",924238,"thyroid","thyroid"
"LC-1-sq",1298223,"lung_NSCLC","lung_NSCLC_squamous_cell_carcinoma"
"NCI-H226",905941,"lung_NSCLC","lung_NSCLC_squamous_cell_carcinoma"
"SU8686",1240218,"pancreas","pancreas"
"SW1271",1299062,"lung_SCLC","lung_small_cell_carcinoma"
"NCI-H716",908458,"large_intestine","large_intestine"
"LB831-BLC",753584,"urogenital_system","Bladder"
"HC-1",907044,"leukemia","hairy_cell_leukaemia"
"Jurkat",998184,"leukemia","T_cell_leukemia"
"MOG-G-UVW",908145,"nervous_system","glioma"
"JIMT-1",1298157,"breast","breast"
"PEO1",1480372,"urogenital_system","ovary"
"PL4",1298533,"pancreas","pancreas"
"TT",930299,"thyroid","thyroid"
